sites,slug
Advanced Housing,advanced-housing
Armstrong World Industries,armstrong-world-industries
BNP,bnp
Bristows,bristows
Britannic,britannic
Brother,brother
Caribtours,caribtours
CAXTON,caxton
CCHA,ccha
CCS,ccs
Charles Pugh,charles-pugh
Crisp And Co,crisp-and-co
Crown Agents Bank,crown-agents-bank
Crown_Agents,crown_agents
CSP,csp
DaviesTurner,daviesturner
Default,default
Dental Directory,dental-directory
DJ Murphy,dj-murphy
DJST,djst
Downs,downs
EMLC,emlc
EP Barrus,ep-barrus
ERR,err
EssexCourtChambers,essexcourtchambers
FamilyMosaic,familymosaic
Fassett,fassett
FHWarr,fhwarr
Fifosys,fifosys
FriendsOfTheElderly,friendsoftheelderly
FutureBiogas,futurebiogas
Get Living London,get-living-london
Grimshaws,grimshaws
Havas,havas
Haymarket Media,haymarket-media
Highgate,highgate
HillierHopkins,hillierhopkins
HPB,hpb
HW Fisher,hw-fisher
ICI,ici
Iliffe,iliffe
Illife,illife
Interdean,interdean
ISS,iss
JamesHargreaves,jameshargreaves
Keltie,keltie
Kennedys,kennedys
KennelClub,kennelclub
KMG,kmg
Knight Dragon,knight-dragon
Korean Embassy,korean-embassy
Labour Party,labour-party
LearningTree,learningtree
Legal&General,legal&general
Lewis Golden,lewis-golden
Lewis_Golden,lewis_golden
MaitlandChambers,maitlandchambers
MarketMakers,marketmakers
Marlborough,marlborough
MDU,mdu
Mears,mears
MessagePad,messagepad
OneAvenue,oneavenue
Openworks,openworks
PCHarrington,pcharrington
PellFrischman,pellfrischman
PensionsTrust,pensionstrust
PPC,ppc
QATC,qatc
Queenswood,queenswood
Radcliffes,radcliffes
Roche,roche
RoyalExchange,royalexchange
RSM,rsm
Sea Bank,sea-bank
Sherborne,sherborne
Spectrum,spectrum
Stewart Watson,stewart-watson
Stoneacre,stoneacre
StPauls,stpauls
Sun Spot,sun-spot
Surrey Satellite,surrey-satellite
The Country Club,the-country-club
Trailfinders,trailfinders
Travel and General,travel-and-general
UKC,ukc
uSwitch,uswitch
Wakefield,wakefield
Watco,watco
WaterlooAir,waterlooair
William Heath,william-heath
,
,
,
,
,
,
,
,
,
,
,
,
,
,
,
,
,
,
,
,
,
,
,
,
,
,
,
,
,
,
,
,
,
,
,
,
,
,
,
,
,
,
,
,
,
,
,
,
,
,
,
,
,
,
,
,
,
,
,
,
,
,
,
,
,
,
,
,
,
,
,
,
,
,
,
,
,
,
,
,
,
,
,
,
,
,
,
,
,
,
,
,
,
,
,
,
,
,
,
,
,
,
,
,
,
,
,
,
,
,
,
,
,
,
,
,
,
,
,
,
,
,
,
,
,
,
,
,
,
,
,
,
,
,
,
,
,
,
,
,
,
,
,
,
,
,
,
,
,
,
,
,
,
,
,
,
,
,
,
,
,
,
,
,
,
,
,
,
,
,
,
,
,
,
,
,
,
,
,
,
,
,
,
,
,
,
,
,
,
,
,
,
,
,
,
,
,
,
,
,
,
,
,
,
,
,
,
,
,
,
,
,
,
,
,
,
,
,
,
,
,
,
,
,
,
,
,
,
,
,
,
,
,
,
,
,
,
,
,
,
,
,
,
,
,
,
,
,
,
,
,
,
,
,
,
,
,
,
,
,
,
,
,
,
,
,
,
,
,
,
,
,
,
,
,
,
,
,
,
,
,
,
,
,
,
,
,
,
,
,
,
,
,
,
,
,
,
,
,
,
,
,
,
,
,
,
,
,
,
,
,
,
,
,
,
,
,
,
,
,
,
,
,
